----,
DateTime:        , 2025/11/19, 12:37:51, 1763570271789,
RFID_EPC:        ,--Not Acquired--,
RFID_UserData:   ,--Not Acquired--,
Barcode:         ,--Not Acquired--,
PIF:,            0.00,
PARs:,            0.0,     0.0,     0.0,     0.0,     0.0,     0.0,
Light:,           0.0,     0.0,     0.0,     0.0,     0.0,     0.0,
Cycles:,            1,
                    1,      69,      70,      70,
Lamps:,        #10000,
Gain:,              2,      50, 
SNR_raw:,     475.45,
Position:,        0.0,              0.0,   NoData,
DataPt,      Time(us),   EX,         EM,       Fit,
==========,==========,==========,==========,=========,
    0,        0.0,      0.000,       0.000,    115.771,
    1,        0.8,    160.886,     116.231,    120.252,
    2,        3.3,    179.920,     126.253,    125.929,
    3,        5.8,    180.096,     135.206,    132.257,
    4,        8.3,    180.228,     143.152,    139.146,
    5,       10.8,    180.162,     150.143,    146.511,
    6,       13.3,    180.345,     156.644,    154.288,
    7,       15.8,    180.352,     163.292,    162.408,
    8,       18.3,    180.601,     170.818,    170.823,
    9,       20.8,    180.565,     178.329,    179.474,
   10,       23.3,    180.645,     186.553,    188.317,
   11,       25.8,    180.645,     195.134,    197.308,
   12,       28.3,    180.623,     204.293,    206.407,
   13,       30.8,    180.704,     212.502,    215.583,
   14,       33.3,    180.565,     222.635,    224.796,
   15,       35.8,    180.682,     229.962,    234.023,
   16,       38.3,    180.748,     240.390,    243.234,
   17,       40.8,    180.894,     250.699,    252.407,
   18,       43.3,    180.843,     259.894,    261.511,
   19,       45.8,    180.968,     270.490,    270.530,
   20,       48.3,    180.982,     278.757,    279.439,
   21,       50.8,    180.997,     288.679,    288.221,
   22,       53.3,    180.770,     297.063,    296.851,
   23,       55.8,    180.784,     306.442,    305.320,
   24,       58.3,    180.968,     314.974,    313.617,
   25,       60.8,    181.063,     324.197,    321.727,
   26,       63.3,    180.909,     331.382,    329.635,
   27,       65.8,    181.019,     340.020,    337.336,
   28,       68.3,    181.165,     347.748,    344.821,
   29,       70.8,    181.165,     355.200,    352.082,
   30,       73.3,    181.070,     360.634,    359.113,
   31,       75.8,    181.056,     368.119,    365.908,
   32,       78.3,    180.997,     374.868,    372.467,
   33,       80.8,    181.019,     381.452,    378.786,
   34,       83.3,    180.982,     385.949,    384.865,
   35,       85.8,    181.034,     391.916,    390.706,
   36,       88.3,    181.114,     397.263,    396.309,
   37,       90.8,    181.253,     401.372,    401.677,
   38,       93.3,    181.114,     406.650,    406.813,
   39,       95.8,    181.092,     411.117,    411.720,
   40,       98.3,    180.975,     416.909,    416.402,
   41,      100.8,    181.143,     420.385,    420.865,
   42,      103.3,    181.143,     423.697,    425.113,
   43,      105.8,    181.195,     426.889,    429.154,
   44,      108.3,    181.048,     429.996,    432.993,
   45,      110.8,    180.960,     434.349,    436.638,
   46,      113.3,    181.202,     438.737,    440.091,
   47,      115.8,    181.107,     441.728,    443.364,
   48,      118.3,    181.107,     445.870,    446.462,
   49,      120.8,    181.099,     448.096,    449.392,
   50,      123.3,    181.063,     450.948,    452.161,
   51,      125.8,    181.151,     452.110,    454.776,
   52,      128.3,    181.305,     454.760,    457.241,
   53,      130.8,    181.231,     458.806,    459.567,
   54,      133.3,    181.385,     459.244,    461.757,
   55,      135.8,    181.121,     462.673,    463.824,
   56,      138.3,    181.114,     464.072,    465.770,
   57,      140.8,    181.195,     466.073,    467.599,
   58,      143.3,    181.165,     469.460,    469.320,
   59,      145.8,    181.268,     470.574,    470.936,
   60,      148.3,    181.327,     472.628,    472.454,
   61,      150.8,    181.209,     474.313,    473.881,
   62,      153.3,    181.297,     476.290,    475.220,
   63,      155.8,    181.297,     478.496,    476.476,
   64,      158.3,    181.341,     479.207,    477.654,
   65,      160.8,    181.253,     481.370,    478.761,
   66,      163.3,    181.319,     481.747,    479.797,
   67,      165.8,    181.356,     483.028,    480.767,
   68,      168.3,    181.048,     485.506,    481.683,
   69,      170.8,    181.070,     487.104,    482.540,
   70,      175.8,    179.678,     486.982,    487.369,
----,
DateTime:        , 2025/11/19, 12:38:08, 1763570288332,
RFID_EPC:        ,--Not Acquired--,
RFID_UserData:   ,--Not Acquired--,
Barcode:         ,--Not Acquired--,
PIF:,            0.00,
PARs:,            0.0,     0.0,     0.0,     0.0,     0.0,     0.0,
Light:,           0.0,     0.0,     0.0,     0.0,     0.0,     0.0,
Cycles:,            1,
                    1,      69,      70,      70,
Lamps:,        #10000,
Gain:,              2,      50, 
SNR_raw:,     387.47,
Position:,        0.0,              0.0,   NoData,
DataPt,      Time(us),   EX,         EM,       Fit,
==========,==========,==========,==========,=========,
    0,        0.0,      0.000,       0.000,    127.282,
    1,        0.8,    160.837,     127.147,    132.372,
    2,        3.3,    179.900,     139.047,    138.473,
    3,        5.8,    180.054,     149.678,    144.962,
    4,        8.3,    180.222,     155.641,    151.776,
    5,       10.8,    180.266,     160.596,    158.856,
    6,       13.3,    180.420,     167.941,    166.155,
    7,       15.8,    180.515,     173.670,    173.629,
    8,       18.3,    180.567,     181.927,    181.237,
    9,       20.8,    180.530,     188.057,    188.943,
   10,       23.3,    180.559,     194.950,    196.717,
   11,       25.8,    180.640,     202.613,    204.534,
   12,       28.3,    180.684,     209.759,    212.366,
   13,       30.8,    180.537,     219.068,    220.185,
   14,       33.3,    180.794,     225.395,    227.982,
   15,       35.8,    180.757,     234.016,    235.729,
   16,       38.3,    180.830,     241.940,    243.410,
   17,       40.8,    180.955,     249.233,    251.012,
   18,       43.3,    180.764,     258.071,    258.510,
   19,       45.8,    180.882,     264.538,    265.898,
   20,       48.3,    180.984,     272.676,    273.163,
   21,       50.8,    181.043,     279.768,    280.293,
   22,       53.3,    180.852,     288.357,    287.271,
   23,       55.8,    180.772,     294.847,    294.091,
   24,       58.3,    180.801,     301.713,    300.746,
   25,       60.8,    181.043,     308.491,    307.235,
   26,       63.3,    180.991,     314.656,    313.544,
   27,       65.8,    180.969,     321.877,    319.671,
   28,       68.3,    181.072,     327.494,    325.611,
   29,       70.8,    181.182,     333.919,    331.364,
   30,       73.3,    181.292,     338.405,    336.925,
   31,       75.8,    181.101,     344.006,    342.290,
   32,       78.3,    181.057,     349.337,    347.459,
   33,       80.8,    181.189,     353.222,    352.435,
   34,       83.3,    180.969,     358.900,    357.215,
   35,       85.8,    181.087,     362.810,    361.804,
   36,       88.3,    180.984,     367.159,    366.202,
   37,       90.8,    180.969,     371.886,    370.413,
   38,       93.3,    180.874,     374.017,    374.440,
   39,       95.8,    181.013,     377.596,    378.288,
   40,       98.3,    181.101,     383.211,    381.960,
   41,      100.8,    181.219,     385.446,    385.461,
   42,      103.3,    181.248,     387.591,    388.796,
   43,      105.8,    181.028,     390.547,    391.969,
   44,      108.3,    181.072,     393.766,    394.985,
   45,      110.8,    181.153,     397.731,    397.849,
   46,      113.3,    180.955,     398.995,    400.567,
   47,      115.8,    180.830,     403.417,    403.145,
   48,      118.3,    181.277,     404.077,    405.586,
   49,      120.8,    181.094,     407.523,    407.899,
   50,      123.3,    181.197,     408.120,    410.087,
   51,      125.8,    181.211,     409.743,    412.156,
   52,      128.3,    181.123,     412.702,    414.111,
   53,      130.8,    181.167,     413.706,    415.958,
   54,      133.3,    181.255,     415.712,    417.701,
   55,      135.8,    181.153,     417.604,    419.346,
   56,      138.3,    181.372,     419.303,    420.896,
   57,      140.8,    181.182,     421.400,    422.358,
   58,      143.3,    181.299,     424.437,    423.735,
   59,      145.8,    181.167,     425.298,    425.033,
   60,      148.3,    181.277,     425.040,    426.254,
   61,      150.8,    181.255,     426.471,    427.403,
   62,      153.3,    181.197,     428.264,    428.484,
   63,      155.8,    181.248,     429.522,    429.501,
   64,      158.3,    181.204,     431.282,    430.457,
   65,      160.8,    181.211,     431.541,    431.355,
   66,      163.3,    181.138,     431.991,    432.200,
   67,      165.8,    181.277,     434.969,    432.992,
   68,      168.3,    181.277,     435.797,    433.735,
   69,      170.8,    181.255,     437.505,    434.434,
   70,      175.8,    179.797,     438.549,    437.214,
----,
DateTime:        , 2025/11/19, 12:38:25, 1763570304898,
RFID_EPC:        ,--Not Acquired--,
RFID_UserData:   ,--Not Acquired--,
Barcode:         ,--Not Acquired--,
PIF:,            0.00,
PARs:,            0.0,     0.0,     0.0,     0.0,     0.0,     0.0,
Light:,           0.0,     0.0,     0.0,     0.0,     0.0,     0.0,
Cycles:,            1,
                    1,      69,      70,      70,
Lamps:,        #10000,
Gain:,              2,      50, 
SNR_raw:,     393.07,
Position:,        0.0,              0.0,   NoData,
DataPt,      Time(us),   EX,         EM,       Fit,
==========,==========,==========,==========,=========,
    0,        0.0,      0.000,       0.000,    131.888,
    1,        0.8,    160.917,     132.367,    136.851,
    2,        3.3,    179.955,     143.042,    142.727,
    3,        5.8,    180.241,     152.574,    148.922,
    4,        8.3,    180.241,     158.122,    155.378,
    5,       10.8,    180.395,     163.807,    162.055,
    6,       13.3,    180.314,     169.981,    168.905,
    7,       15.8,    180.446,     176.507,    175.898,
    8,       18.3,    180.409,     184.026,    182.997,
    9,       20.8,    180.541,     189.153,    190.175,
   10,       23.3,    180.402,     197.891,    197.399,
   11,       25.8,    180.644,     203.716,    204.653,
   12,       28.3,    180.497,     211.084,    211.904,
   13,       30.8,    180.666,     216.975,    219.138,
   14,       33.3,    180.644,     224.475,    226.330,
   15,       35.8,    180.886,     231.362,    233.470,
   16,       38.3,    180.966,     238.995,    240.537,
   17,       40.8,    180.929,     246.505,    247.511,
   18,       43.3,    180.827,     254.387,    254.376,
   19,       45.8,    180.871,     260.130,    261.124,
   20,       48.3,    180.629,     267.399,    267.736,
   21,       50.8,    180.842,     273.997,    274.212,
   22,       53.3,    181.098,     280.235,    280.543,
   23,       55.8,    181.017,     286.160,    286.714,
   24,       58.3,    180.893,     293.268,    292.717,
   25,       60.8,    181.186,     299.416,    298.555,
   26,       63.3,    181.054,     304.605,    304.214,
   27,       65.8,    181.047,     310.970,    309.692,
   28,       68.3,    180.995,     315.201,    314.987,
   29,       70.8,    180.988,     319.911,    320.096,
   30,       73.3,    181.149,     326.250,    325.021,
   31,       75.8,    181.039,     331.696,    329.758,
   32,       78.3,    181.127,     335.400,    334.310,
   33,       80.8,    180.864,     339.206,    338.675,
   34,       83.3,    181.083,     344.317,    342.859,
   35,       85.8,    181.193,     348.523,    346.864,
   36,       88.3,    181.127,     351.962,    350.691,
   37,       90.8,    181.105,     355.594,    354.344,
   38,       93.3,    181.098,     358.094,    357.827,
   39,       95.8,    181.047,     360.680,    361.144,
   40,       98.3,    181.010,     364.897,    364.299,
   41,      100.8,    180.951,     367.502,    367.299,
   42,      103.3,    181.105,     371.055,    370.147,
   43,      105.8,    181.157,     373.710,    372.850,
   44,      108.3,    180.973,     374.917,    375.411,
   45,      110.8,    181.186,     376.409,    377.838,
   46,      113.3,    180.988,     379.859,    380.134,
   47,      115.8,    181.369,     381.267,    382.305,
   48,      118.3,    181.105,     383.479,    384.357,
   49,      120.8,    181.164,     385.838,    386.294,
   50,      123.3,    181.179,     387.187,    388.123,
   51,      125.8,    181.259,     388.946,    389.848,
   52,      128.3,    181.252,     391.169,    391.473,
   53,      130.8,    180.995,     391.999,    393.006,
   54,      133.3,    181.222,     393.991,    394.448,
   55,      135.8,    181.054,     395.186,    395.806,
   56,      138.3,    181.201,     397.074,    397.083,
   57,      140.8,    181.208,     397.610,    398.284,
   58,      143.3,    181.303,     400.159,    399.411,
   59,      145.8,    181.230,     400.596,    400.472,
   60,      148.3,    181.215,     401.456,    401.468,
   61,      150.8,    181.054,     400.985,    402.405,
   62,      153.3,    181.091,     403.113,    403.283,
   63,      155.8,    181.252,     404.686,    404.106,
   64,      158.3,    181.281,     405.999,    404.879,
   65,      160.8,    181.376,     406.338,    405.602,
   66,      163.3,    181.186,     407.041,    406.282,
   67,      165.8,    181.274,     408.774,    406.919,
   68,      168.3,    181.208,     409.199,    407.516,
   69,      170.8,    181.208,     409.750,    408.076,
   70,      175.8,    179.772,     410.798,    410.552,
----,
DateTime:        , 2025/11/19, 12:38:41, 1763570321433,
RFID_EPC:        ,--Not Acquired--,
RFID_UserData:   ,--Not Acquired--,
Barcode:         ,--Not Acquired--,
PIF:,            0.00,
PARs:,            0.0,     0.0,     0.0,     0.0,     0.0,     0.0,
Light:,           0.0,     0.0,     0.0,     0.0,     0.0,     0.0,
Cycles:,            1,
                    1,      69,      70,      70,
Lamps:,        #10000,
Gain:,              2,      50, 
SNR_raw:,     392.27,
Position:,        0.0,              0.0,   NoData,
DataPt,      Time(us),   EX,         EM,       Fit,
==========,==========,==========,==========,=========,
    0,        0.0,      0.000,       0.000,    133.849,
    1,        0.8,    161.000,     133.230,    138.785,
    2,        3.3,    179.904,     144.482,    144.578,
    3,        5.8,    180.219,     154.535,    150.652,
    4,        8.3,    180.292,     158.909,    156.961,
    5,       10.8,    180.233,     165.064,    163.468,
    6,       13.3,    180.343,     172.172,    170.147,
    7,       15.8,    180.555,     178.615,    176.974,
    8,       18.3,    180.541,     183.615,    183.914,
    9,       20.8,    180.651,     189.869,    190.945,
   10,       23.3,    180.563,     198.823,    198.037,
   11,       25.8,    180.490,     204.444,    205.167,
   12,       28.3,    180.643,     212.574,    212.322,
   13,       30.8,    180.804,     217.915,    219.481,
   14,       33.3,    180.717,     226.321,    226.617,
   15,       35.8,    180.607,     231.165,    233.711,
   16,       38.3,    180.761,     238.990,    240.752,
   17,       40.8,    180.753,     245.915,    247.720,
   18,       43.3,    180.768,     254.193,    254.599,
   19,       45.8,    180.790,     260.523,    261.376,
   20,       48.3,    180.870,     267.595,    268.038,
   21,       50.8,    181.002,     274.306,    274.574,
   22,       53.3,    180.929,     280.220,    280.967,
   23,       55.8,    180.856,     286.693,    287.207,
   24,       58.3,    180.929,     294.314,    293.289,
   25,       60.8,    181.105,     301.207,    299.206,
   26,       63.3,    181.112,     305.612,    304.949,
   27,       65.8,    181.032,     310.996,    310.509,
   28,       68.3,    180.995,     316.307,    315.883,
   29,       70.8,    181.141,     322.124,    321.071,
   30,       73.3,    180.958,     327.423,    326.065,
   31,       75.8,    180.973,     331.265,    330.866,
   32,       78.3,    180.958,     336.265,    335.475,
   33,       80.8,    180.907,     340.506,    339.891,
   34,       83.3,    181.061,     344.912,    344.118,
   35,       85.8,    181.097,     350.088,    348.156,
   36,       88.3,    180.944,     352.872,    352.007,
   37,       90.8,    181.134,     356.642,    355.677,
   38,       93.3,    181.207,     359.533,    359.168,
   39,       95.8,    181.303,     362.653,    362.486,
   40,       98.3,    181.105,     366.086,    365.634,
   41,      100.8,    181.215,     367.796,    368.617,
   42,      103.3,    181.127,     372.391,    371.440,
   43,      105.8,    181.163,     374.524,    374.111,
   44,      108.3,    180.995,     376.254,    376.633,
   45,      110.8,    181.185,     378.066,    379.014,
   46,      113.3,    181.090,     379.645,    381.258,
   47,      115.8,    181.097,     382.943,    383.373,
   48,      118.3,    181.156,     384.751,    385.363,
   49,      120.8,    181.259,     386.464,    387.236,
   50,      123.3,    181.259,     387.016,    388.995,
   51,      125.8,    181.259,     389.499,    390.648,
   52,      128.3,    181.295,     391.075,    392.200,
   53,      130.8,    181.134,     393.631,    393.655,
   54,      133.3,    181.259,     394.740,    395.019,
   55,      135.8,    181.207,     395.128,    396.298,
   56,      138.3,    181.185,     397.383,    397.495,
   57,      140.8,    180.951,     396.793,    398.616,
   58,      143.3,    181.178,     399.607,    399.665,
   59,      145.8,    181.229,     400.046,    400.645,
   60,      148.3,    181.295,     401.003,    401.561,
   61,      150.8,    181.119,     401.945,    402.418,
   62,      153.3,    181.325,     402.593,    403.217,
   63,      155.8,    181.325,     403.420,    403.964,
   64,      158.3,    181.303,     404.021,    404.661,
   65,      160.8,    181.141,     405.484,    405.313,
   66,      163.3,    181.061,     406.493,    405.922,
   67,      165.8,    181.149,     407.952,    406.489,
   68,      168.3,    181.178,     408.714,    407.017,
   69,      170.8,    181.119,     408.294,    407.511,
   70,      175.8,    179.691,     410.983,    409.559,
----,
DateTime:        , 2025/11/19, 12:38:58, 1763570337981,
RFID_EPC:        ,--Not Acquired--,
RFID_UserData:   ,--Not Acquired--,
Barcode:         ,--Not Acquired--,
PIF:,            0.00,
PARs:,            0.0,     0.0,     0.0,     0.0,     0.0,     0.0,
Light:,           0.0,     0.0,     0.0,     0.0,     0.0,     0.0,
Cycles:,            1,
                    1,      69,      70,      70,
Lamps:,        #10000,
Gain:,              2,      50, 
SNR_raw:,     344.85,
Position:,        0.0,              0.0,   NoData,
DataPt,      Time(us),   EX,         EM,       Fit,
==========,==========,==========,==========,=========,
    0,        0.0,      0.000,       0.000,    131.913,
    1,        0.8,    160.884,     132.083,    137.104,
    2,        3.3,    180.132,     143.224,    143.225,
    3,        5.8,    180.191,     153.171,    149.643,
    4,        8.3,    180.125,     159.056,    156.310,
    5,       10.8,    180.345,     164.407,    163.192,
    6,       13.3,    180.425,     173.202,    170.248,
    7,       15.8,    180.381,     177.956,    177.439,
    8,       18.3,    180.411,     184.579,    184.736,
    9,       20.8,    180.403,     192.347,    192.109,
   10,       23.3,    180.601,     198.781,    199.538,
   11,       25.8,    180.550,     207.145,    206.989,
   12,       28.3,    180.535,     213.255,    214.441,
   13,       30.8,    180.528,     220.741,    221.873,
   14,       33.3,    180.704,     228.274,    229.271,
   15,       35.8,    180.733,     235.153,    236.610,
   16,       38.3,    180.909,     242.387,    243.879,
   17,       40.8,    180.865,     249.081,    251.055,
   18,       43.3,    180.916,     257.302,    258.125,
   19,       45.8,    180.843,     264.318,    265.074,
   20,       48.3,    181.048,     270.923,    271.896,
   21,       50.8,    180.931,     277.178,    278.571,
   22,       53.3,    180.814,     284.824,    285.090,
   23,       55.8,    181.033,     291.935,    291.452,
   24,       58.3,    180.858,     297.472,    297.641,
   25,       60.8,    180.858,     303.830,    303.654,
   26,       63.3,    180.740,     308.730,    309.484,
   27,       65.8,    181.033,     315.688,    315.133,
   28,       68.3,    181.121,     322.436,    320.596,
   29,       70.8,    181.180,     327.851,    325.868,
   30,       73.3,    181.019,     333.115,    330.946,
   31,       75.8,    181.180,     337.234,    335.834,
   32,       78.3,    181.085,     342.381,    340.527,
   33,       80.8,    181.158,     344.727,    345.031,
   34,       83.3,    181.011,     349.702,    349.344,
   35,       85.8,    180.938,     355.370,    353.469,
   36,       88.3,    181.085,     357.844,    357.411,
   37,       90.8,    181.077,     361.724,    361.174,
   38,       93.3,    180.865,     365.466,    364.759,
   39,       95.8,    181.055,     369.224,    368.174,
   40,       98.3,    181.099,     369.963,    371.422,
   41,      100.8,    181.151,     374.550,    374.508,
   42,      103.3,    181.275,     377.879,    377.438,
   43,      105.8,    181.194,     379.703,    380.216,
   44,      108.3,    181.033,     382.526,    382.849,
   45,      110.8,    181.173,     383.612,    385.341,
   46,      113.3,    181.099,     387.357,    387.698,
   47,      115.8,    181.019,     389.186,    389.926,
   48,      118.3,    181.107,     392.310,    392.030,
   49,      120.8,    181.099,     393.707,    394.016,
   50,      123.3,    181.121,     396.420,    395.889,
   51,      125.8,    181.231,     396.731,    397.655,
   52,      128.3,    181.165,     398.531,    399.318,
   53,      130.8,    181.231,     400.318,    400.884,
   54,      133.3,    181.224,     400.886,    402.358,
   55,      135.8,    181.268,     403.823,    403.745,
   56,      138.3,    181.246,     404.975,    405.048,
   57,      140.8,    181.202,     405.625,    406.273,
   58,      143.3,    181.143,     406.860,    407.425,
   59,      145.8,    181.085,     407.544,    408.506,
   60,      148.3,    181.282,     408.203,    409.520,
   61,      150.8,    181.275,     409.874,    410.472,
   62,      153.3,    181.180,     412.298,    411.365,
   63,      155.8,    181.246,     412.975,    412.202,
   64,      158.3,    181.334,     412.499,    412.986,
   65,      160.8,    181.334,     414.429,    413.721,
   66,      163.3,    181.326,     415.273,    414.410,
   67,      165.8,    181.246,     416.010,    415.056,
   68,      168.3,    181.341,     416.894,    415.661,
   69,      170.8,    181.136,     419.022,    416.228,
   70,      175.8,    179.766,     418.877,    418.661,
----,
DateTime:        , 2025/11/19, 12:39:14, 1763570354528,
RFID_EPC:        ,--Not Acquired--,
RFID_UserData:   ,--Not Acquired--,
Barcode:         ,--Not Acquired--,
PIF:,            0.00,
PARs:,            0.0,     0.0,     0.0,     0.0,     0.0,     0.0,
Light:,           0.0,     0.0,     0.0,     0.0,     0.0,     0.0,
Cycles:,            1,
                    1,      69,      70,      70,
Lamps:,        #10000,
Gain:,              2,      50, 
SNR_raw:,     411.82,
Position:,        0.0,              0.0,   NoData,
DataPt,      Time(us),   EX,         EM,       Fit,
==========,==========,==========,==========,=========,
    0,        0.0,      0.000,       0.000,    130.983,
    1,        0.8,    161.056,     131.631,    136.288,
    2,        3.3,    179.992,     143.741,    142.548,
    3,        5.8,    180.183,     154.565,    149.125,
    4,        8.3,    180.278,     159.199,    155.963,
    5,       10.8,    180.197,     164.819,    163.008,
    6,       13.3,    180.476,     171.214,    170.230,
    7,       15.8,    180.483,     177.579,    177.582,
    8,       18.3,    180.527,     185.568,    185.032,
    9,       20.8,    180.534,     191.653,    192.547,
   10,       23.3,    180.381,     199.578,    200.094,
   11,       25.8,    180.468,     206.961,    207.655,
   12,       28.3,    180.512,     213.559,    215.207,
   13,       30.8,    180.710,     221.626,    222.732,
   14,       33.3,    180.718,     226.597,    230.206,
   15,       35.8,    180.835,     235.851,    237.613,
   16,       38.3,    180.886,     242.141,    244.935,
   17,       40.8,    180.798,     249.449,    252.152,
   18,       43.3,    180.842,     257.960,    259.256,
   19,       45.8,    180.842,     265.425,    266.231,
   20,       48.3,    180.820,     272.647,    273.067,
   21,       50.8,    180.842,     279.526,    279.754,
   22,       53.3,    180.923,     286.863,    286.285,
   23,       55.8,    180.754,     292.663,    292.645,
   24,       58.3,    180.857,     298.855,    298.836,
   25,       60.8,    181.003,     305.243,    304.851,
   26,       63.3,    181.047,     311.521,    310.684,
   27,       65.8,    181.003,     317.121,    316.330,
   28,       68.3,    180.974,     323.804,    321.786,
   29,       70.8,    180.989,     328.750,    327.051,
   30,       73.3,    180.996,     333.985,    332.125,
   31,       75.8,    181.062,     339.387,    337.009,
   32,       78.3,    180.981,     343.406,    341.700,
   33,       80.8,    180.930,     348.477,    346.201,
   34,       83.3,    181.164,     350.786,    350.517,
   35,       85.8,    181.025,     355.752,    354.647,
   36,       88.3,    181.003,     358.557,    358.595,
   37,       90.8,    181.113,     363.309,    362.366,
   38,       93.3,    181.142,     365.458,    365.963,
   39,       95.8,    181.230,     369.144,    369.391,
   40,       98.3,    181.018,     372.339,    372.653,
   41,      100.8,    181.216,     375.243,    375.756,
   42,      103.3,    181.128,     379.014,    378.703,
   43,      105.8,    181.157,     381.989,    381.501,
   44,      108.3,    181.077,     384.092,    384.155,
   45,      110.8,    181.230,     386.525,    386.669,
   46,      113.3,    181.113,     390.088,    389.050,
   47,      115.8,    181.348,     390.686,    391.303,
   48,      118.3,    181.098,     392.604,    393.433,
   49,      120.8,    181.172,     394.653,    395.446,
   50,      123.3,    181.267,     395.825,    397.347,
   51,      125.8,    181.289,     398.259,    399.140,
   52,      128.3,    181.091,     399.523,    400.833,
   53,      130.8,    181.120,     401.942,    402.428,
   54,      133.3,    181.106,     404.184,    403.931,
   55,      135.8,    181.348,     404.748,    405.346,
   56,      138.3,    180.989,     406.379,    406.679,
   57,      140.8,    181.267,     407.962,    407.933,
   58,      143.3,    181.340,     408.624,    409.111,
   59,      145.8,    181.311,     410.069,    410.220,
   60,      148.3,    181.208,     411.129,    411.262,
   61,      150.8,    181.304,     412.843,    412.241,
   62,      153.3,    181.384,     414.865,    413.160,
   63,      155.8,    181.282,     414.273,    414.024,
   64,      158.3,    181.186,     415.318,    414.836,
   65,      160.8,    181.025,     416.240,    415.598,
   66,      163.3,    181.062,     417.537,    416.314,
   67,      165.8,    181.142,     418.179,    416.984,
   68,      168.3,    181.128,     418.489,    417.612,
   69,      170.8,    181.304,     419.186,    418.200,
   70,      175.8,    179.912,     420.484,    420.472,
----,
DateTime:        , 2025/11/19, 12:39:31, 1763570371011,
RFID_EPC:        ,--Not Acquired--,
RFID_UserData:   ,--Not Acquired--,
Barcode:         ,--Not Acquired--,
PIF:,            0.00,
PARs:,            0.0,     0.0,     0.0,     0.0,     0.0,     0.0,
Light:,           0.0,     0.0,     0.0,     0.0,     0.0,     0.0,
Cycles:,            1,
                    1,      69,      70,      70,
Lamps:,        #10000,
Gain:,              2,      50, 
SNR_raw:,     342.22,
Position:,        0.0,              0.0,   NoData,
DataPt,      Time(us),   EX,         EM,       Fit,
==========,==========,==========,==========,=========,
    0,        0.0,      0.000,       0.000,    135.322,
    1,        0.8,    161.019,     134.767,    140.061,
    2,        3.3,    180.158,     146.430,    145.836,
    3,        5.8,    180.100,     156.858,    152.049,
    4,        8.3,    180.356,     160.793,    158.624,
    5,       10.8,    180.275,     168.353,    165.481,
    6,       13.3,    180.305,     173.318,    172.561,
    7,       15.8,    180.217,     179.506,    179.808,
    8,       18.3,    180.459,     186.746,    187.187,
    9,       20.8,    180.554,     195.510,    194.653,
   10,       23.3,    180.634,     202.066,    202.173,
   11,       25.8,    180.664,     209.229,    209.713,
   12,       28.3,    180.598,     216.503,    217.244,
   13,       30.8,    180.554,     223.756,    224.742,
   14,       33.3,    180.620,     230.318,    232.189,
   15,       35.8,    180.737,     237.085,    239.565,
   16,       38.3,    180.913,     244.317,    246.856,
   17,       40.8,    180.883,     252.373,    254.039,
   18,       43.3,    180.861,     259.315,    261.102,
   19,       45.8,    180.876,     267.310,    268.032,
   20,       48.3,    180.898,     275.017,    274.818,
   21,       50.8,    181.067,     280.008,    281.454,
   22,       53.3,    180.942,     288.490,    287.924,
   23,       55.8,    180.905,     294.906,    294.222,
   24,       58.3,    180.883,     300.193,    300.344,
   25,       60.8,    180.971,     305.573,    306.285,
   26,       63.3,    180.935,     313.373,    312.039,
   27,       65.8,    181.001,     319.336,    317.605,
   28,       68.3,    181.023,     325.098,    322.980,
   29,       70.8,    180.949,     330.203,    328.162,
   30,       73.3,    181.096,     334.077,    333.152,
   31,       75.8,    181.220,     338.538,    337.951,
   32,       78.3,    181.067,     343.520,    342.557,
   33,       80.8,    181.110,     347.302,    346.974,
   34,       83.3,    181.096,     352.024,    351.203,
   35,       85.8,    181.264,     356.110,    355.249,
   36,       88.3,    181.045,     359.304,    359.113,
   37,       90.8,    181.015,     363.782,    362.800,
   38,       93.3,    181.001,     366.297,    366.314,
   39,       95.8,    181.030,     369.276,    369.660,
   40,       98.3,    181.045,     372.836,    372.842,
   41,      100.8,    181.154,     377.302,    375.867,
   42,      103.3,    181.228,     379.633,    378.738,
   43,      105.8,    181.059,     381.367,    381.462,
   44,      108.3,    181.220,     383.235,    384.044,
   45,      110.8,    181.169,     386.379,    386.490,
   46,      113.3,    181.213,     388.493,    388.804,
   47,      115.8,    181.235,     389.825,    390.992,
   48,      118.3,    181.220,     392.892,    393.060,
   49,      120.8,    181.242,     394.224,    395.013,
   50,      123.3,    180.979,     396.456,    396.858,
   51,      125.8,    181.059,     397.108,    398.598,
   52,      128.3,    181.272,     398.573,    400.236,
   53,      130.8,    181.162,     399.919,    401.781,
   54,      133.3,    181.191,     402.614,    403.236,
   55,      135.8,    181.228,     405.291,    404.605,
   56,      138.3,    181.367,     405.256,    405.893,
   57,      140.8,    181.081,     407.000,    407.106,
   58,      143.3,    181.206,     407.548,    408.246,
   59,      145.8,    181.088,     409.192,    409.319,
   60,      148.3,    181.242,     411.328,    410.324,
   61,      150.8,    181.081,     410.865,    411.271,
   62,      153.3,    181.081,     411.694,    412.160,
   63,      155.8,    181.228,     412.741,    412.992,
   64,      158.3,    181.308,     413.109,    413.773,
   65,      160.8,    181.176,     413.409,    414.506,
   66,      163.3,    181.257,     416.260,    415.194,
   67,      165.8,    181.198,     416.394,    415.839,
   68,      168.3,    181.162,     417.859,    416.445,
   69,      170.8,    181.059,     418.648,    417.014,
   70,      175.8,    179.689,     420.726,    419.884,
----,
DateTime:        , 2025/11/19, 12:39:47, 1763570387544,
RFID_EPC:        ,--Not Acquired--,
RFID_UserData:   ,--Not Acquired--,
Barcode:         ,--Not Acquired--,
PIF:,            0.00,
PARs:,            0.0,     0.0,     0.0,     0.0,     0.0,     0.0,
Light:,           0.0,     0.0,     0.0,     0.0,     0.0,     0.0,
Cycles:,            1,
                    1,      69,      70,      70,
Lamps:,        #10000,
Gain:,              2,      50, 
SNR_raw:,     404.51,
Position:,        0.0,              0.0,   NoData,
DataPt,      Time(us),   EX,         EM,       Fit,
==========,==========,==========,==========,=========,
    0,        0.0,      0.000,       0.000,    132.668,
    1,        0.8,    160.877,     133.331,    138.090,
    2,        3.3,    179.857,     144.947,    144.432,
    3,        5.8,    179.938,     155.332,    151.044,
    4,        8.3,    180.223,     160.079,    157.889,
    5,       10.8,    180.297,     167.779,    164.923,
    6,       13.3,    180.399,     173.227,    172.110,
    7,       15.8,    180.450,     180.382,    179.418,
    8,       18.3,    180.494,     187.263,    186.815,
    9,       20.8,    180.612,     193.786,    194.278,
   10,       23.3,    180.560,     201.595,    201.775,
   11,       25.8,    180.509,     208.577,    209.283,
   12,       28.3,    180.758,     215.481,    216.789,
   13,       30.8,    180.692,     222.201,    224.263,
   14,       33.3,    180.502,     229.915,    231.681,
   15,       35.8,    180.787,     237.019,    239.041,
   16,       38.3,    180.956,     244.811,    246.323,
   17,       40.8,    180.765,     251.431,    253.500,
   18,       43.3,    180.802,     258.847,    260.564,
   19,       45.8,    180.839,     266.536,    267.503,
   20,       48.3,    181.044,     273.415,    274.309,
   21,       50.8,    180.839,     281.466,    280.960,
   22,       53.3,    180.970,     286.511,    287.456,
   23,       55.8,    180.897,     294.366,    293.783,
   24,       58.3,    180.883,     300.471,    299.935,
   25,       60.8,    180.883,     306.276,    305.906,
   26,       63.3,    181.073,     312.029,    311.696,
   27,       65.8,    180.919,     319.203,    317.292,
   28,       68.3,    180.941,     323.309,    322.697,
   29,       70.8,    180.934,     330.231,    327.907,
   30,       73.3,    181.051,     333.608,    332.923,
   31,       75.8,    181.044,     339.145,    337.744,
   32,       78.3,    181.161,     343.341,    342.371,
   33,       80.8,    181.110,     348.132,    346.804,
   34,       83.3,    181.029,     351.325,    351.044,
   35,       85.8,    181.212,     355.660,    355.099,
   36,       88.3,    181.132,     359.683,    358.966,
   37,       90.8,    181.139,     364.913,    362.653,
   38,       93.3,    181.066,     366.994,    366.162,
   39,       95.8,    181.110,     369.666,    369.499,
   40,       98.3,    181.146,     372.903,    372.668,
   41,      100.8,    181.110,     375.463,    375.676,
   42,      103.3,    181.124,     379.021,    378.527,
   43,      105.8,    181.007,     381.200,    381.226,
   44,      108.3,    181.205,     383.268,    383.780,
   45,      110.8,    181.176,     385.538,    386.195,
   46,      113.3,    181.263,     388.661,    388.477,
   47,      115.8,    181.044,     390.237,    390.630,
   48,      118.3,    181.124,     391.720,    392.660,
   49,      120.8,    181.263,     393.074,    394.575,
   50,      123.3,    181.205,     395.685,    396.377,
   51,      125.8,    181.161,     398.265,    398.074,
   52,      128.3,    181.198,     399.840,    399.671,
   53,      130.8,    181.329,     399.825,    401.172,
   54,      133.3,    181.242,     401.122,    402.582,
   55,      135.8,    181.161,     402.681,    403.908,
   56,      138.3,    181.088,     404.500,    405.152,
   57,      140.8,    181.044,     406.255,    406.320,
   58,      143.3,    181.249,     406.899,    407.415,
   59,      145.8,    181.263,     409.349,    408.441,
   60,      148.3,    181.227,     409.432,    409.404,
   61,      150.8,    181.051,     410.934,    410.306,
   62,      153.3,    181.263,     411.831,    411.151,
   63,      155.8,    181.198,     412.533,    411.942,
   64,      158.3,    181.256,     413.227,    412.682,
   65,      160.8,    181.285,     413.988,    413.375,
   66,      163.3,    181.278,     415.660,    414.024,
   67,      165.8,    181.388,     415.132,    414.630,
   68,      168.3,    181.293,     416.729,    415.197,
   69,      170.8,    181.139,     417.359,    415.729,
   70,      175.8,    179.667,     417.718,    417.617,
----,
DateTime:        , 2025/11/19, 12:40:04, 1763570404029,
RFID_EPC:        ,--Not Acquired--,
RFID_UserData:   ,--Not Acquired--,
Barcode:         ,--Not Acquired--,
PIF:,            0.00,
PARs:,            0.0,     0.0,     0.0,     0.0,     0.0,     0.0,
Light:,           0.0,     0.0,     0.0,     0.0,     0.0,     0.0,
Cycles:,            1,
                    1,      69,      70,      70,
Lamps:,        #10000,
Gain:,              2,      50, 
SNR_raw:,     401.30,
Position:,        0.0,              0.0,   NoData,
DataPt,      Time(us),   EX,         EM,       Fit,
==========,==========,==========,==========,=========,
    0,        0.0,      0.000,       0.000,    134.368,
    1,        0.8,    160.992,     134.479,    139.291,
    2,        3.3,    180.056,     145.528,    145.190,
    3,        5.8,    180.180,     155.400,    151.461,
    4,        8.3,    180.078,     161.597,    158.035,
    5,       10.8,    180.334,     166.635,    164.865,
    6,       13.3,    180.327,     173.851,    171.894,
    7,       15.8,    180.415,     180.141,    179.082,
    8,       18.3,    180.312,     186.066,    186.384,
    9,       20.8,    180.422,     193.990,    193.771,
   10,       23.3,    180.524,     199.696,    201.213,
   11,       25.8,    180.671,     207.836,    208.683,
   12,       28.3,    180.363,     215.676,    216.141,
   13,       30.8,    180.737,     222.700,    223.584,
   14,       33.3,    180.803,     228.702,    230.982,
   15,       35.8,    180.861,     235.816,    238.316,
   16,       38.3,    180.898,     242.955,    245.568,
   17,       40.8,    180.935,     251.196,    252.722,
   18,       43.3,    180.832,     258.251,    259.759,
   19,       45.8,    180.993,     266.308,    266.673,
   20,       48.3,    180.920,     272.496,    273.447,
   21,       50.8,    180.766,     279.643,    280.068,
   22,       53.3,    180.686,     285.856,    286.529,
   23,       55.8,    180.664,     292.533,    292.824,
   24,       58.3,    181.015,     301.080,    298.952,
   25,       60.8,    180.986,     304.996,    304.902,
   26,       63.3,    180.839,     310.497,    310.666,
   27,       65.8,    181.096,     317.788,    316.248,
   28,       68.3,    181.140,     322.679,    321.641,
   29,       70.8,    181.037,     327.833,    326.842,
   30,       73.3,    181.213,     333.034,    331.853,
   31,       75.8,    180.876,     338.077,    336.669,
   32,       78.3,    181.147,     343.368,    341.298,
   33,       80.8,    181.191,     346.596,    345.737,
   34,       83.3,    180.927,     351.799,    349.987,
   35,       85.8,    181.059,     354.028,    354.054,
   36,       88.3,    181.052,     359.013,    357.940,
   37,       90.8,    181.154,     361.570,    361.650,
   38,       93.3,    181.066,     364.783,    365.185,
   39,       95.8,    181.030,     368.724,    368.553,
   40,       98.3,    181.227,     372.184,    371.757,
   41,      100.8,    181.257,     375.434,    374.802,
   42,      103.3,    181.140,     377.609,    377.693,
   43,      105.8,    181.103,     379.066,    380.437,
   44,      108.3,    181.096,     382.671,    383.037,
   45,      110.8,    181.213,     385.734,    385.499,
   46,      113.3,    181.279,     387.525,    387.830,
   47,      115.8,    181.066,     389.636,    390.034,
   48,      118.3,    181.213,     390.977,    392.117,
   49,      120.8,    181.176,     393.815,    394.085,
   50,      123.3,    181.169,     394.659,    395.941,
   51,      125.8,    181.198,     397.079,    397.693,
   52,      128.3,    181.220,     398.962,    399.344,
   53,      130.8,    181.103,     399.773,    400.900,
   54,      133.3,    181.088,     401.462,    402.366,
   55,      135.8,    181.140,     403.556,    403.746,
   56,      138.3,    181.411,     405.710,    405.042,
   57,      140.8,    181.257,     405.502,    406.262,
   58,      143.3,    181.220,     406.688,    407.410,
   59,      145.8,    181.293,     409.006,    408.488,
   60,      148.3,    181.162,     409.303,    409.502,
   61,      150.8,    181.271,     410.710,    410.453,
   62,      153.3,    181.125,     411.594,    411.348,
   63,      155.8,    181.044,     411.777,    412.188,
   64,      158.3,    181.037,     413.175,    412.976,
   65,      160.8,    181.352,     413.560,    413.712,
   66,      163.3,    180.927,     414.808,    414.408,
   67,      165.8,    181.293,     415.073,    415.055,
   68,      168.3,    181.411,     417.010,    415.661,
   69,      170.8,    181.367,     418.489,    416.230,
   70,      175.8,    179.748,     419.198,    418.950,
----,
DateTime:        , 2025/11/19, 12:40:20, 1763570420600,
RFID_EPC:        ,--Not Acquired--,
RFID_UserData:   ,--Not Acquired--,
Barcode:         ,--Not Acquired--,
PIF:,            0.00,
PARs:,            0.0,     0.0,     0.0,     0.0,     0.0,     0.0,
Light:,           0.0,     0.0,     0.0,     0.0,     0.0,     0.0,
Cycles:,            1,
                    1,      69,      70,      70,
Lamps:,        #10000,
Gain:,              2,      50, 
SNR_raw:,     439.59,
Position:,        0.0,              0.0,   NoData,
DataPt,      Time(us),   EX,         EM,       Fit,
==========,==========,==========,==========,=========,
    0,        0.0,      0.000,       0.000,    133.650,
    1,        0.8,    160.895,     133.938,    139.192,
    2,        3.3,    180.042,     145.600,    145.624,
    3,        5.8,    180.108,     156.018,    152.281,
    4,        8.3,    180.276,     162.806,    159.134,
    5,       10.8,    180.262,     168.089,    166.147,
    6,       13.3,    180.313,     174.142,    173.295,
    7,       15.8,    180.606,     181.888,    180.560,
    8,       18.3,    180.591,     188.270,    187.906,
    9,       20.8,    180.430,     194.812,    195.305,
   10,       23.3,    180.679,     202.015,    202.747,
   11,       25.8,    180.650,     208.968,    210.202,
   12,       28.3,    180.518,     216.876,    217.645,
   13,       30.8,    180.599,     223.147,    225.064,
   14,       33.3,    180.694,     231.330,    232.441,
   15,       35.8,    180.657,     236.359,    239.754,
   16,       38.3,    180.870,     244.928,    246.995,
   17,       40.8,    180.657,     254.349,    254.134,
   18,       43.3,    180.943,     260.579,    261.173,
   19,       45.8,    180.870,     267.596,    268.087,
   20,       48.3,    180.855,     273.147,    274.865,
   21,       50.8,    180.943,     280.751,    281.501,
   22,       53.3,    181.038,     289.442,    287.983,
   23,       55.8,    181.082,     295.446,    294.301,
   24,       58.3,    180.972,     301.980,    300.444,
   25,       60.8,    180.892,     307.366,    306.407,
   26,       63.3,    180.950,     313.622,    312.186,
   27,       65.8,    180.958,     318.859,    317.777,
   28,       68.3,    181.060,     323.649,    323.179,
   29,       70.8,    181.002,     330.660,    328.385,
   30,       73.3,    181.236,     333.543,    333.401,
   31,       75.8,    181.097,     339.597,    338.218,
   32,       78.3,    181.207,     344.358,    342.842,
   33,       80.8,    181.067,     347.660,    347.270,
   34,       83.3,    180.972,     352.264,    351.506,
   35,       85.8,    181.097,     356.439,    355.554,
   36,       88.3,    181.067,     360.639,    359.416,
   37,       90.8,    181.024,     363.212,    363.096,
   38,       93.3,    180.855,     366.868,    366.597,
   39,       95.8,    180.921,     369.775,    369.926,
   40,       98.3,    181.258,     373.225,    373.091,
   41,      100.8,    181.031,     376.731,    376.091,
   42,      103.3,    181.111,     379.601,    378.935,
   43,      105.8,    181.229,     380.459,    381.628,
   44,      108.3,    181.346,     384.073,    384.176,
   45,      110.8,    181.207,     385.472,    386.584,
   46,      113.3,    181.170,     388.309,    388.857,
   47,      115.8,    180.921,     391.055,    391.002,
   48,      118.3,    181.207,     392.094,    393.024,
   49,      120.8,    181.199,     393.765,    394.930,
   50,      123.3,    181.067,     396.537,    396.724,
   51,      125.8,    181.199,     398.732,    398.413,
   52,      128.3,    181.148,     399.673,    400.001,
   53,      130.8,    181.155,     400.485,    401.493,
   54,      133.3,    181.082,     401.199,    402.896,
   55,      135.8,    181.155,     403.245,    404.212,
   56,      138.3,    181.309,     404.833,    405.448,
   57,      140.8,    181.346,     405.303,    406.606,
   58,      143.3,    181.214,     407.253,    407.694,
   59,      145.8,    181.221,     408.341,    408.713,
   60,      148.3,    181.177,     410.095,    409.668,
   61,      150.8,    181.141,     410.454,    410.562,
   62,      153.3,    181.126,     411.592,    411.400,
   63,      155.8,    181.214,     412.496,    412.184,
   64,      158.3,    181.287,     413.984,    412.918,
   65,      160.8,    181.302,     414.778,    413.604,
   66,      163.3,    181.141,     415.147,    414.246,
   67,      165.8,    181.309,     416.416,    414.846,
   68,      168.3,    181.192,     418.341,    415.408,
   69,      170.8,    181.126,     419.045,    415.934,
   70,      175.8,    179.654,     418.305,    417.960,
----,
DateTime:        , 2025/11/19, 12:40:37, 1763570437093,
RFID_EPC:        ,--Not Acquired--,
RFID_UserData:   ,--Not Acquired--,
Barcode:         ,--Not Acquired--,
PIF:,            0.00,
PARs:,            0.0,     0.0,     0.0,     0.0,     0.0,     0.0,
Light:,           0.0,     0.0,     0.0,     0.0,     0.0,     0.0,
Cycles:,            1,
                    1,      69,      70,      70,
Lamps:,        #10000,
Gain:,              2,      50, 
SNR_raw:,     391.47,
Position:,        0.0,              0.0,   NoData,
DataPt,      Time(us),   EX,         EM,       Fit,
==========,==========,==========,==========,=========,
    0,        0.0,      0.000,       0.000,    133.567,
    1,        0.8,    160.964,     133.570,    138.954,
    2,        3.3,    179.883,     145.420,    145.235,
    3,        5.8,    180.118,     156.009,    151.774,
    4,        8.3,    180.396,     160.480,    158.537,
    5,       10.8,    180.316,     166.652,    165.478,
    6,       13.3,    180.396,     174.893,    172.572,
    7,       15.8,    180.264,     181.400,    179.781,
    8,       18.3,    180.447,     187.589,    187.091,
    9,       20.8,    180.396,     194.849,    194.466,
   10,       23.3,    180.543,     200.230,    201.890,
   11,       25.8,    180.521,     208.286,    209.334,
   12,       28.3,    180.594,     214.570,    216.780,
   13,       30.8,    180.828,     223.140,    224.213,
   14,       33.3,    180.755,     229.869,    231.604,
   15,       35.8,    180.718,     236.556,    238.935,
   16,       38.3,    180.843,     246.346,    246.194,
   17,       40.8,    180.755,     251.998,    253.360,
   18,       43.3,    180.902,     259.257,    260.424,
   19,       45.8,    180.843,     267.359,    267.366,
   20,       48.3,    181.004,     274.027,    274.181,
   21,       50.8,    180.909,     279.699,    280.849,
   22,       53.3,    180.828,     287.289,    287.360,
   23,       55.8,    181.004,     294.192,    293.713,
   24,       58.3,    180.880,     300.476,    299.891,
   25,       60.8,    180.843,     306.620,    305.890,
   26,       63.3,    180.968,     312.763,    311.708,
   27,       65.8,    181.070,     318.661,    317.340,
   28,       68.3,    181.033,     323.697,    322.779,
   29,       70.8,    180.916,     329.158,    328.022,
   30,       73.3,    181.121,     335.411,    333.072,
   31,       75.8,    181.011,     339.481,    337.924,
   32,       78.3,    180.975,     344.247,    342.580,
   33,       80.8,    180.828,     348.397,    347.039,
   34,       83.3,    181.070,     351.521,    351.308,
   35,       85.8,    181.033,     356.012,    355.387,
   36,       88.3,    181.195,     359.558,    359.280,
   37,       90.8,    180.982,     363.295,    362.988,
   38,       93.3,    181.107,     366.359,    366.519,
   39,       95.8,    181.202,     368.650,    369.875,
   40,       98.3,    181.085,     374.134,    373.062,
   41,      100.8,    181.158,     375.639,    376.085,
   42,      103.3,    181.151,     378.966,    378.949,
   43,      105.8,    181.275,     380.637,    381.661,
   44,      108.3,    181.158,     383.367,    384.225,
   45,      110.8,    181.129,     386.466,    386.648,
   46,      113.3,    181.143,     388.643,    388.935,
   47,      115.8,    181.224,     390.125,    391.093,
   48,      118.3,    181.121,     392.831,    393.127,
   49,      120.8,    181.107,     395.071,    395.043,
   50,      123.3,    181.356,     394.804,    396.846,
   51,      125.8,    181.173,     397.687,    398.542,
   52,      128.3,    181.151,     399.391,    400.137,
   53,      130.8,    181.312,     399.588,    401.635,
   54,      133.3,    181.165,     401.843,    403.042,
   55,      135.8,    181.231,     402.800,    404.363,
   56,      138.3,    181.151,     404.912,    405.602,
   57,      140.8,    181.297,     404.584,    406.764,
   58,      143.3,    181.253,     408.269,    407.853,
   59,      145.8,    181.209,     408.920,    408.873,
   60,      148.3,    181.165,     409.571,    409.829,
   61,      150.8,    181.099,     411.376,    410.725,
   62,      153.3,    181.099,     411.100,    411.563,
   63,      155.8,    181.268,     412.925,    412.346,
   64,      158.3,    181.187,     413.660,    413.079,
   65,      160.8,    181.158,     414.831,    413.765,
   66,      163.3,    181.261,     415.700,    414.406,
   67,      165.8,    181.180,     416.437,    415.005,
   68,      168.3,    181.253,     416.269,    415.565,
   69,      170.8,    181.348,     417.153,    416.087,
   70,      175.8,    179.869,     418.916,    418.180,
----,
DateTime:        , 2025/11/19, 12:40:53, 1763570453633,
RFID_EPC:        ,--Not Acquired--,
RFID_UserData:   ,--Not Acquired--,
Barcode:         ,--Not Acquired--,
PIF:,            0.00,
PARs:,            0.0,     0.0,     0.0,     0.0,     0.0,     0.0,
Light:,           0.0,     0.0,     0.0,     0.0,     0.0,     0.0,
Cycles:,            1,
                    1,      69,      70,      70,
Lamps:,        #10000,
Gain:,              2,      50, 
SNR_raw:,     358.96,
Position:,        0.0,              0.0,   NoData,
DataPt,      Time(us),   EX,         EM,       Fit,
==========,==========,==========,==========,=========,
    0,        0.0,      0.000,       0.000,    133.931,
    1,        0.8,    160.942,     133.899,    139.233,
    2,        3.3,    180.135,     146.167,    145.463,
    3,        5.8,    180.106,     157.130,    151.973,
    4,        8.3,    180.274,     161.698,    158.726,
    5,       10.8,    180.311,     167.766,    165.677,
    6,       13.3,    180.435,     174.855,    172.792,
    7,       15.8,    180.487,     180.346,    180.036,
    8,       18.3,    180.509,     187.526,    187.377,
    9,       20.8,    180.450,     194.514,    194.784,
   10,       23.3,    180.538,     201.343,    202.235,
   11,       25.8,    180.597,     207.922,    209.706,
   12,       28.3,    180.743,     215.499,    217.177,
   13,       30.8,    180.611,     223.962,    224.617,
   14,       33.3,    180.816,     230.344,    232.018,
   15,       35.8,    180.846,     236.666,    239.355,
   16,       38.3,    180.831,     244.427,    246.610,
   17,       40.8,    180.853,     251.309,    253.769,
   18,       43.3,    180.999,     260.498,    260.820,
   19,       45.8,    180.999,     266.299,    267.745,
   20,       48.3,    180.794,     274.345,    274.527,
   21,       50.8,    180.846,     281.179,    281.162,
   22,       53.3,    180.853,     288.079,    287.638,
   23,       55.8,    180.853,     293.609,    293.948,
   24,       58.3,    181.065,     300.996,    300.087,
   25,       60.8,    181.131,     305.855,    306.047,
   26,       63.3,    180.926,     312.282,    311.816,
   27,       65.8,    181.051,     318.971,    317.398,
   28,       68.3,    180.963,     324.652,    322.784,
   29,       70.8,    181.139,     329.030,    327.979,
   30,       73.3,    181.124,     335.129,    332.977,
   31,       75.8,    180.912,     338.840,    337.774,
   32,       78.3,    180.926,     342.405,    342.377,
   33,       80.8,    181.190,     347.701,    346.788,
   34,       83.3,    180.992,     352.501,    351.005,
   35,       85.8,    180.868,     355.509,    355.032,
   36,       88.3,    180.963,     360.295,    358.874,
   37,       90.8,    181.161,     364.870,    362.536,
   38,       93.3,    181.095,     366.107,    366.020,
   39,       95.8,    181.153,     369.576,    369.332,
   40,       98.3,    181.080,     372.763,    372.475,
   41,      100.8,    181.344,     375.254,    375.459,
   42,      103.3,    181.139,     377.887,    378.284,
   43,      105.8,    181.278,     380.355,    380.959,
   44,      108.3,    181.153,     383.653,    383.488,
   45,      110.8,    180.999,     386.465,    385.877,
   46,      113.3,    181.051,     388.013,    388.133,
   47,      115.8,    181.168,     389.970,    390.261,
   48,      118.3,    181.036,     391.082,    392.267,
   49,      120.8,    181.183,     394.353,    394.157,
   50,      123.3,    181.080,     395.129,    395.935,
   51,      125.8,    181.227,     396.465,    397.609,
   52,      128.3,    181.227,     397.845,    399.182,
   53,      130.8,    181.043,     399.628,    400.661,
   54,      133.3,    181.131,     401.090,    402.050,
   55,      135.8,    181.183,     403.184,    403.353,
   56,      138.3,    181.051,     405.135,    404.577,
   57,      140.8,    181.139,     404.662,    405.724,
   58,      143.3,    181.205,     405.343,    406.800,
   59,      145.8,    181.168,     407.633,    407.808,
   60,      148.3,    181.454,     408.920,    408.751,
   61,      150.8,    181.124,     408.836,    409.636,
   62,      153.3,    181.322,     410.044,    410.463,
   63,      155.8,    181.271,     412.919,    411.238,
   64,      158.3,    181.102,     413.303,    411.964,
   65,      160.8,    181.197,     413.638,    412.642,
   66,      163.3,    181.146,     415.135,    413.277,
   67,      165.8,    181.153,     416.222,    413.870,
   68,      168.3,    181.036,     416.215,    414.426,
   69,      170.8,    181.153,     416.222,    414.944,
   70,      175.8,    179.871,     416.965,    416.895,
----,
DateTime:        , 2025/11/19, 12:41:10, 1763570470099,
RFID_EPC:        ,--Not Acquired--,
RFID_UserData:   ,--Not Acquired--,
Barcode:         ,--Not Acquired--,
PIF:,            0.00,
PARs:,            0.0,     0.0,     0.0,     0.0,     0.0,     0.0,
Light:,           0.0,     0.0,     0.0,     0.0,     0.0,     0.0,
Cycles:,            1,
                    1,      69,      70,      70,
Lamps:,        #10000,
Gain:,              2,      50, 
SNR_raw:,     405.85,
Position:,        0.0,              0.0,   NoData,
DataPt,      Time(us),   EX,         EM,       Fit,
==========,==========,==========,==========,=========,
    0,        0.0,      0.000,       0.000,    134.502,
    1,        0.8,    160.954,     135.132,    139.876,
    2,        3.3,    180.050,     146.345,    146.147,
    3,        5.8,    180.020,     156.371,    152.667,
    4,        8.3,    180.255,     161.993,    159.408,
    5,       10.8,    180.387,     167.973,    166.333,
    6,       13.3,    180.401,     175.442,    173.407,
    7,       15.8,    180.467,     181.473,    180.600,
    8,       18.3,    180.526,     187.785,    187.887,
    9,       20.8,    180.431,     194.535,    195.235,
   10,       23.3,    180.760,     201.648,    202.635,
   11,       25.8,    180.760,     209.117,    210.052,
   12,       28.3,    180.672,     216.137,    217.463,
   13,       30.8,    180.716,     223.002,    224.851,
   14,       33.3,    180.745,     230.711,    232.197,
   15,       35.8,    180.753,     237.617,    239.481,
   16,       38.3,    180.672,     245.472,    246.684,
   17,       40.8,    180.789,     251.951,    253.797,
   18,       43.3,    180.819,     260.482,    260.803,
   19,       45.8,    180.804,     266.587,    267.685,
   20,       48.3,    180.848,     273.987,    274.435,
   21,       50.8,    181.053,     281.133,    281.044,
   22,       53.3,    181.002,     288.119,    287.497,
   23,       55.8,    181.038,     295.241,    293.786,
   24,       58.3,    181.031,     300.777,    299.903,
   25,       60.8,    180.914,     307.328,    305.839,
   26,       63.3,    180.870,     312.932,    311.590,
   27,       65.8,    181.060,     318.126,    317.157,
   28,       68.3,    180.987,     323.504,    322.531,
   29,       70.8,    180.958,     329.082,    327.711,
   30,       73.3,    180.811,     334.050,    332.695,
   31,       75.8,    181.031,     339.444,    337.486,
   32,       78.3,    180.797,     343.756,    342.081,
   33,       80.8,    181.207,     347.117,    346.488,
   34,       83.3,    180.885,     351.052,    350.700,
   35,       85.8,    181.082,     353.982,    354.726,
   36,       88.3,    181.178,     358.212,    358.569,
   37,       90.8,    181.163,     362.933,    362.230,
   38,       93.3,    181.017,     365.713,    365.714,
   39,       95.8,    181.119,     369.922,    369.026,
   40,       98.3,    181.038,     372.297,    372.171,
   41,      100.8,    181.075,     374.706,    375.154,
   42,      103.3,    181.141,     377.330,    377.981,
   43,      105.8,    181.324,     379.431,    380.659,
   44,      108.3,    181.170,     382.789,    383.191,
   45,      110.8,    181.141,     385.059,    385.584,
   46,      113.3,    181.214,     386.283,    387.843,
   47,      115.8,    181.112,     388.986,    389.974,
   48,      118.3,    181.163,     390.808,    391.984,
   49,      120.8,    181.090,     392.899,    393.877,
   50,      123.3,    181.046,     394.099,    395.660,
   51,      125.8,    181.075,     396.521,    397.337,
   52,      128.3,    181.060,     397.933,    398.915,
   53,      130.8,    181.229,     399.771,    400.397,
   54,      133.3,    181.302,     400.712,    401.789,
   55,      135.8,    181.178,     402.368,    403.096,
   56,      138.3,    181.163,     404.332,    404.323,
   57,      140.8,    181.178,     405.127,    405.474,
   58,      143.3,    181.178,     404.575,    406.553,
   59,      145.8,    181.112,     407.483,    407.565,
   60,      148.3,    181.200,     408.665,    408.512,
   61,      150.8,    181.119,     410.503,    409.400,
   62,      153.3,    181.112,     410.244,    410.232,
   63,      155.8,    181.251,     412.963,    411.009,
   64,      158.3,    181.375,     413.231,    411.736,
   65,      160.8,    181.375,     413.231,    412.416,
   66,      163.3,    181.288,     412.880,    413.052,
   67,      165.8,    181.207,     414.443,    413.648,
   68,      168.3,    181.302,     416.432,    414.205,
   69,      170.8,    181.280,     415.655,    414.725,
   70,      175.8,    179.669,     417.157,    416.861,
----,
DateTime:        , 2025/11/19, 12:41:26, 1763570486663,
RFID_EPC:        ,--Not Acquired--,
RFID_UserData:   ,--Not Acquired--,
Barcode:         ,--Not Acquired--,
PIF:,            0.00,
PARs:,            0.0,     0.0,     0.0,     0.0,     0.0,     0.0,
Light:,           0.0,     0.0,     0.0,     0.0,     0.0,     0.0,
Cycles:,            1,
                    1,      69,      70,      70,
Lamps:,        #10000,
Gain:,              2,      50, 
SNR_raw:,     347.23,
Position:,        0.0,              0.0,   NoData,
DataPt,      Time(us),   EX,         EM,       Fit,
==========,==========,==========,==========,=========,
    0,        0.0,      0.000,       0.000,    134.784,
    1,        0.8,    160.978,     134.490,    140.048,
    2,        3.3,    179.816,     146.281,    146.208,
    3,        5.8,    180.146,     156.818,    152.647,
    4,        8.3,    180.131,     162.937,    159.317,
    5,       10.8,    180.255,     168.927,    166.187,
    6,       13.3,    180.255,     173.920,    173.218,
    7,       15.8,    180.321,     182.175,    180.383,
    8,       18.3,    180.519,     187.792,    187.658,
    9,       20.8,    180.592,     194.637,    195.011,
   10,       23.3,    180.717,     201.973,    202.419,
   11,       25.8,    180.622,     208.447,    209.851,
   12,       28.3,    180.761,     216.861,    217.291,
   13,       30.8,    180.600,     223.146,    224.709,
   14,       33.3,    180.629,     228.922,    232.091,
   15,       35.8,    180.731,     237.369,    239.419,
   16,       38.3,    180.783,     244.216,    246.675,
   17,       40.8,    180.600,     251.939,    253.834,
   18,       43.3,    180.768,     258.895,    260.892,
   19,       45.8,    180.761,     266.927,    267.829,
   20,       48.3,    180.834,     273.732,    274.634,
   21,       50.8,    180.980,     282.351,    281.297,
   22,       53.3,    181.002,     289.223,    287.804,
   23,       55.8,    181.039,     294.135,    294.146,
   24,       58.3,    181.017,     301.629,    300.313,
   25,       60.8,    180.959,     307.805,    306.297,
   26,       63.3,    181.039,     313.192,    312.096,
   27,       65.8,    180.893,     318.421,    317.700,
   28,       68.3,    180.893,     324.778,    323.108,
   29,       70.8,    181.002,     329.554,    328.320,
   30,       73.3,    181.068,     334.404,    333.334,
   31,       75.8,    181.061,     339.388,    338.148,
   32,       78.3,    181.032,     343.586,    342.763,
   33,       80.8,    181.083,     347.907,    347.180,
   34,       83.3,    181.083,     353.705,    351.402,
   35,       85.8,    181.142,     356.351,    355.431,
   36,       88.3,    181.149,     358.821,    359.271,
   37,       90.8,    181.134,     363.818,    362.925,
   38,       93.3,    181.134,     367.131,    366.399,
   39,       95.8,    181.134,     369.891,    369.697,
   40,       98.3,    181.251,     371.583,    372.825,
   41,      100.8,    181.295,     376.182,    375.788,
   42,      103.3,    181.098,     379.353,    378.590,
   43,      105.8,    181.090,     382.130,    381.239,
   44,      108.3,    181.127,     383.157,    383.741,
   45,      110.8,    181.112,     385.672,    386.101,
   46,      113.3,    181.127,     387.573,    388.326,
   47,      115.8,    181.098,     389.293,    390.422,
   48,      118.3,    181.222,     390.681,    392.395,
   49,      120.8,    181.120,     393.110,    394.250,
   50,      123.3,    181.222,     394.819,    395.994,
   51,      125.8,    181.171,     397.139,    397.632,
   52,      128.3,    181.244,     398.082,    399.169,
   53,      130.8,    181.244,     400.013,    400.611,
   54,      133.3,    181.332,     401.198,    401.964,
   55,      135.8,    181.127,     403.032,    403.232,
   56,      138.3,    181.332,     404.231,    404.419,
   57,      140.8,    181.120,     404.429,    405.531,
   58,      143.3,    181.134,     406.052,    406.572,
   59,      145.8,    181.083,     406.996,    407.546,
   60,      148.3,    181.178,     409.541,    408.456,
   61,      150.8,    181.178,     409.541,    409.307,
   62,      153.3,    181.273,     412.360,    410.102,
   63,      155.8,    181.369,     412.420,    410.844,
   64,      158.3,    181.230,     412.460,    411.539,
   65,      160.8,    181.230,     413.012,    412.187,
   66,      163.3,    181.259,     412.670,    412.792,
   67,      165.8,    181.273,     415.670,    413.356,
   68,      168.3,    181.230,     414.943,    413.884,
   69,      170.8,    181.200,     416.390,    414.376,
   70,      175.8,    179.567,     416.558,    416.398,
----,
DateTime:        , 2025/11/19, 12:41:43, 1763570503137,
RFID_EPC:        ,--Not Acquired--,
RFID_UserData:   ,--Not Acquired--,
Barcode:         ,--Not Acquired--,
PIF:,            0.00,
PARs:,            0.0,     0.0,     0.0,     0.0,     0.0,     0.0,
Light:,           0.0,     0.0,     0.0,     0.0,     0.0,     0.0,
Cycles:,            1,
                    1,      69,      70,      70,
Lamps:,        #10000,
Gain:,              2,      50, 
SNR_raw:,     365.67,
Position:,        0.0,              0.0,   NoData,
DataPt,      Time(us),   EX,         EM,       Fit,
==========,==========,==========,==========,=========,
    0,        0.0,      0.000,       0.000,    134.792,
    1,        0.8,    160.923,     135.158,    140.138,
    2,        3.3,    179.917,     146.564,    146.402,
    3,        5.8,    180.224,     156.749,    152.952,
    4,        8.3,    180.144,     161.815,    159.731,
    5,       10.8,    180.437,     168.757,    166.712,
    6,       13.3,    180.554,     175.571,    173.854,
    7,       15.8,    180.422,     182.350,    181.115,
    8,       18.3,    180.444,     188.978,    188.469,
    9,       20.8,    180.598,     195.739,    195.893,
   10,       23.3,    180.466,     202.531,    203.352,
   11,       25.8,    180.539,     209.927,    210.827,
   12,       28.3,    180.466,     217.770,    218.292,
   13,       30.8,    180.759,     222.672,    225.738,
   14,       33.3,    180.832,     229.771,    233.137,
   15,       35.8,    180.766,     239.536,    240.467,
   16,       38.3,    180.891,     246.558,    247.716,
   17,       40.8,    180.737,     253.130,    254.862,
   18,       43.3,    180.876,     260.676,    261.898,
   19,       45.8,    180.927,     267.234,    268.807,
   20,       48.3,    180.891,     275.857,    275.576,
   21,       50.8,    180.752,     282.985,    282.192,
   22,       53.3,    180.913,     289.642,    288.651,
   23,       55.8,    180.891,     296.035,    294.942,
   24,       58.3,    181.074,     302.363,    301.062,
   25,       60.8,    181.023,     308.525,    307.000,
   26,       63.3,    181.015,     314.062,    312.750,
   27,       65.8,    181.147,     318.802,    318.314,
   28,       68.3,    180.964,     324.098,    323.680,
   29,       70.8,    181.059,     330.003,    328.854,
   30,       73.3,    181.008,     335.344,    333.831,
   31,       75.8,    181.045,     339.419,    338.613,
   32,       78.3,    180.891,     345.236,    343.198,
   33,       80.8,    181.008,     348.603,    347.591,
   34,       83.3,    181.096,     352.300,    351.795,
   35,       85.8,    181.132,     356.369,    355.811,
   36,       88.3,    181.206,     360.364,    359.644,
   37,       90.8,    180.993,     363.549,    363.294,
   38,       93.3,    181.089,     366.395,    366.769,
   39,       95.8,    181.103,     371.335,    370.073,
   40,       98.3,    181.096,     373.007,    373.210,
   41,      100.8,    181.103,     374.924,    376.187,
   42,      103.3,    181.154,     378.682,    379.008,
   43,      105.8,    181.125,     380.676,    381.680,
   44,      108.3,    181.103,     384.035,    384.207,
   45,      110.8,    180.979,     385.957,    386.596,
   46,      113.3,    181.301,     389.132,    388.852,
   47,      115.8,    181.352,     390.125,    390.982,
   48,      118.3,    181.272,     391.953,    392.991,
   49,      120.8,    181.206,     392.648,    394.884,
   50,      123.3,    181.110,     396.719,    396.667,
   51,      125.8,    181.220,     397.306,    398.345,
   52,      128.3,    181.140,     398.311,    399.924,
   53,      130.8,    181.132,     399.984,    401.409,
   54,      133.3,    181.103,     400.876,    402.804,
   55,      135.8,    181.198,     403.701,    404.114,
   56,      138.3,    181.176,     403.474,    405.344,
   57,      140.8,    181.191,     405.925,    406.499,
   58,      143.3,    181.132,     406.056,    407.582,
   59,      145.8,    181.176,     409.546,    408.597,
   60,      148.3,    181.169,     409.562,    409.549,
   61,      150.8,    181.323,     410.042,    410.441,
   62,      153.3,    181.169,     412.046,    411.277,
   63,      155.8,    181.140,     412.665,    412.060,
   64,      158.3,    181.081,     412.798,    412.793,
   65,      160.8,    181.045,     414.539,    413.480,
   66,      163.3,    181.176,     415.893,    414.122,
   67,      165.8,    181.140,     416.253,    414.722,
   68,      168.3,    181.382,     416.801,    415.282,
   69,      170.8,    181.374,     416.267,    415.806,
   70,      175.8,    179.711,     418.727,    418.042,
----,
DateTime:        , 2025/11/19, 12:41:59, 1763570519657,
RFID_EPC:        ,--Not Acquired--,
RFID_UserData:   ,--Not Acquired--,
Barcode:         ,--Not Acquired--,
PIF:,            0.00,
PARs:,            0.0,     0.0,     0.0,     0.0,     0.0,     0.0,
Light:,           0.0,     0.0,     0.0,     0.0,     0.0,     0.0,
Cycles:,            1,
                    1,      69,      70,      70,
Lamps:,        #10000,
Gain:,              2,      50, 
SNR_raw:,     400.66,
Position:,        0.0,              0.0,   NoData,
DataPt,      Time(us),   EX,         EM,       Fit,
==========,==========,==========,==========,=========,
    0,        0.0,      0.000,       0.000,    135.115,
    1,        0.8,    160.908,     135.481,    140.305,
    2,        3.3,    179.923,     146.347,    146.409,
    3,        5.8,    180.062,     156.057,    152.807,
    4,        8.3,    180.260,     162.266,    159.459,
    5,       10.8,    180.201,     168.700,    166.317,
    6,       13.3,    180.407,     175.160,    173.354,
    7,       15.8,    180.626,     180.760,    180.537,
    8,       18.3,    180.582,     187.726,    187.828,
    9,       20.8,    180.436,     195.360,    195.194,
   10,       23.3,    180.531,     202.458,    202.616,
   11,       25.8,    180.685,     209.757,    210.071,
   12,       28.3,    180.678,     216.961,    217.530,
   13,       30.8,    180.568,     223.185,    224.969,
   14,       33.3,    180.744,     230.160,    232.375,
   15,       35.8,    180.736,     237.639,    239.723,
   16,       38.3,    180.846,     245.236,    246.998,
   17,       40.8,    180.846,     253.254,    254.182,
   18,       43.3,    180.919,     260.337,    261.259,
   19,       45.8,    180.927,     266.959,    268.213,
   20,       48.3,    180.831,     273.459,    275.030,
   21,       50.8,    180.890,     281.939,    281.701,
   22,       53.3,    180.956,     288.744,    288.215,
   23,       55.8,    180.890,     294.654,    294.560,
   24,       58.3,    181.036,     301.873,    300.733,
   25,       60.8,    180.934,     307.294,    306.722,
   26,       63.3,    181.073,     314.514,    312.525,
   27,       65.8,    180.985,     319.087,    318.134,
   28,       68.3,    181.110,     323.837,    323.550,
   29,       70.8,    181.095,     330.489,    328.767,
   30,       73.3,    181.058,     334.699,    333.785,
   31,       75.8,    181.110,     339.849,    338.603,
   32,       78.3,    180.941,     343.758,    343.221,
   33,       80.8,    180.956,     349.533,    347.641,
   34,       83.3,    181.007,     351.920,    351.867,
   35,       85.8,    181.066,     355.948,    355.901,
   36,       88.3,    181.124,     361.078,    359.746,
   37,       90.8,    181.146,     364.346,    363.408,
   38,       93.3,    181.088,     366.949,    366.889,
   39,       95.8,    181.176,     369.255,    370.195,
   40,       98.3,    181.132,     374.313,    373.331,
   41,      100.8,    181.110,     375.187,    376.303,
   42,      103.3,    181.022,     379.512,    379.115,
   43,      105.8,    181.058,     381.921,    381.775,
   44,      108.3,    181.117,     383.454,    384.288,
   45,      110.8,    181.227,     386.256,    386.661,
   46,      113.3,    181.139,     388.100,    388.898,
   47,      115.8,    181.117,     390.079,    391.007,
   48,      118.3,    181.190,     392.681,    392.993,
   49,      120.8,    181.168,     393.833,    394.861,
   50,      123.3,    181.168,     395.489,    396.619,
   51,      125.8,    181.359,     397.830,    398.270,
   52,      128.3,    181.256,     398.607,    399.821,
   53,      130.8,    181.271,     399.402,    401.277,
   54,      133.3,    181.198,     401.219,    402.644,
   55,      135.8,    181.124,     403.590,    403.925,
   56,      138.3,    181.161,     404.888,    405.127,
   57,      140.8,    181.080,     406.173,    406.252,
   58,      143.3,    181.271,     406.850,    407.306,
   59,      145.8,    181.227,     408.052,    408.292,
   60,      148.3,    181.124,     408.283,    409.216,
   61,      150.8,    181.198,     409.774,    410.079,
   62,      153.3,    181.256,     410.469,    410.886,
   63,      155.8,    181.278,     412.350,    411.641,
   64,      158.3,    181.205,     413.896,    412.347,
   65,      160.8,    181.234,     412.726,    413.006,
   66,      163.3,    181.117,     414.925,    413.623,
   67,      165.8,    181.154,     416.221,    414.199,
   68,      168.3,    181.073,     416.406,    414.737,
   69,      170.8,    181.198,     416.396,    415.239,
   70,      175.8,    179.608,     417.854,    417.564,
----,
DateTime:        , 2025/11/19, 12:42:16, 1763570536203,
RFID_EPC:        ,--Not Acquired--,
RFID_UserData:   ,--Not Acquired--,
Barcode:         ,--Not Acquired--,
PIF:,            0.00,
PARs:,            0.0,     0.0,     0.0,     0.0,     0.0,     0.0,
Light:,           0.0,     0.0,     0.0,     0.0,     0.0,     0.0,
Cycles:,            1,
                    1,      69,      70,      70,
Lamps:,        #10000,
Gain:,              2,      50, 
SNR_raw:,     428.41,
Position:,        0.0,              0.0,   NoData,
DataPt,      Time(us),   EX,         EM,       Fit,
==========,==========,==========,==========,=========,
    0,        0.0,      0.000,       0.000,    134.783,
    1,        0.8,    160.987,     134.794,    140.061,
    2,        3.3,    179.912,     146.440,    146.231,
    3,        5.8,    180.110,     156.849,    152.671,
    4,        8.3,    180.249,     161.721,    159.344,
    5,       10.8,    180.307,     167.492,    166.215,
    6,       13.3,    180.446,     174.844,    173.255,
    7,       15.8,    180.329,     180.226,    180.426,
    8,       18.3,    180.395,     188.475,    187.707,
    9,       20.8,    180.381,     194.589,    195.069,
   10,       23.3,    180.586,     202.951,    202.493,
   11,       25.8,    180.483,     209.161,    209.948,
   12,       28.3,    180.534,     217.133,    217.414,
   13,       30.8,    180.600,     223.698,    224.870,
   14,       33.3,    180.754,     229.594,    232.300,
   15,       35.8,    180.923,     237.947,    239.685,
   16,       38.3,    180.842,     246.071,    246.997,
   17,       40.8,    180.835,     253.547,    254.221,
   18,       43.3,    180.959,     259.727,    261.347,
   19,       45.8,    180.849,     268.179,    268.351,
   20,       48.3,    180.908,     274.449,    275.224,
   21,       50.8,    180.915,     281.071,    281.953,
   22,       53.3,    180.959,     288.463,    288.527,
   23,       55.8,    180.944,     295.118,    294.935,
   24,       58.3,    180.988,     302.506,    301.168,
   25,       60.8,    180.901,     307.904,    307.216,
   26,       63.3,    181.040,     313.743,    313.078,
   27,       65.8,    181.150,     319.901,    318.748,
   28,       68.3,    181.003,     325.685,    324.217,
   29,       70.8,    181.150,     331.494,    329.488,
   30,       73.3,    180.988,     335.933,    334.552,
   31,       75.8,    181.069,     339.926,    339.415,
   32,       78.3,    181.003,     345.574,    344.074,
   33,       80.8,    180.930,     349.859,    348.531,
   34,       83.3,    181.018,     352.728,    352.789,
   35,       85.8,    180.981,     357.772,    356.850,
   36,       88.3,    181.106,     360.563,    360.719,
   37,       90.8,    181.128,     364.660,    364.399,
   38,       93.3,    181.054,     367.845,    367.895,
   39,       95.8,    181.098,     371.898,    371.211,
   40,       98.3,    181.179,     375.320,    374.354,
   41,      100.8,    180.952,     377.172,    377.327,
   42,      103.3,    181.091,     380.472,    380.139,
   43,      105.8,    181.179,     382.495,    382.796,
   44,      108.3,    181.201,     384.380,    385.302,
   45,      110.8,    181.179,     385.807,    387.664,
   46,      113.3,    180.974,     389.559,    389.889,
   47,      115.8,    181.289,     390.537,    391.983,
   48,      118.3,    181.135,     392.801,    393.952,
   49,      120.8,    181.223,     395.094,    395.802,
   50,      123.3,    181.135,     396.390,    397.539,
   51,      125.8,    181.135,     397.770,    399.169,
   52,      128.3,    181.208,     399.816,    400.697,
   53,      130.8,    181.201,     401.764,    402.129,
   54,      133.3,    181.106,     402.251,    403.471,
   55,      135.8,    181.076,     404.526,    404.728,
   56,      138.3,    181.259,     404.117,    405.903,
   57,      140.8,    181.355,     407.213,    407.001,
   58,      143.3,    181.303,     408.156,    408.029,
   59,      145.8,    181.157,     407.106,    408.990,
   60,      148.3,    181.281,     409.033,    409.887,
   61,      150.8,    181.274,     410.980,    410.724,
   62,      153.3,    181.215,     411.665,    411.507,
   63,      155.8,    181.237,     413.270,    412.237,
   64,      158.3,    181.340,     413.588,    412.917,
   65,      160.8,    181.237,     414.098,    413.553,
   66,      163.3,    181.069,     414.207,    414.147,
   67,      165.8,    181.069,     415.864,    414.700,
   68,      168.3,    181.157,     416.766,    415.216,
   69,      170.8,    181.457,     417.454,    415.693,
   70,      175.8,    179.714,     418.721,    417.844,
----,
DateTime:        , 2025/11/19, 12:42:32, 1763570552748,
RFID_EPC:        ,--Not Acquired--,
RFID_UserData:   ,--Not Acquired--,
Barcode:         ,--Not Acquired--,
PIF:,            0.00,
PARs:,            0.0,     0.0,     0.0,     0.0,     0.0,     0.0,
Light:,           0.0,     0.0,     0.0,     0.0,     0.0,     0.0,
Cycles:,            1,
                    1,      69,      70,      70,
Lamps:,        #10000,
Gain:,              2,      50, 
SNR_raw:,     400.47,
Position:,        0.0,              0.0,   NoData,
DataPt,      Time(us),   EX,         EM,       Fit,
==========,==========,==========,==========,=========,
    0,        0.0,      0.000,       0.000,    134.861,
    1,        0.8,    160.935,     134.527,    140.199,
    2,        3.3,    180.031,     146.598,    146.437,
    3,        5.8,    180.134,     157.383,    152.935,
    4,        8.3,    180.134,     163.212,    159.649,
    5,       10.8,    180.449,     168.469,    166.555,
    6,       13.3,    180.456,     175.112,    173.610,
    7,       15.8,    180.522,     181.418,    180.784,
    8,       18.3,    180.442,     187.318,    188.044,
    9,       20.8,    180.705,     195.069,    195.375,
   10,       23.3,    180.515,     203.030,    202.737,
   11,       25.8,    180.632,     208.988,    210.118,
   12,       28.3,    180.603,     216.220,    217.491,
   13,       30.8,    180.661,     222.792,    224.838,
   14,       33.3,    180.669,     230.532,    232.139,
   15,       35.8,    180.771,     236.487,    239.379,
   16,       38.3,    180.801,     245.574,    246.539,
   17,       40.8,    180.932,     252.304,    253.607,
   18,       43.3,    180.874,     259.297,    260.564,
   19,       45.8,    180.727,     266.977,    267.394,
   20,       48.3,    180.808,     273.771,    274.091,
   21,       50.8,    180.867,     280.041,    280.644,
   22,       53.3,    180.896,     288.011,    287.043,
   23,       55.8,    180.889,     292.998,    293.279,
   24,       58.3,    181.020,     300.242,    299.348,
   25,       60.8,    180.962,     305.866,    305.239,
   26,       63.3,    181.013,     312.685,    310.949,
   27,       65.8,    181.079,     318.093,    316.476,
   28,       68.3,    181.072,     322.524,    321.814,
   29,       70.8,    180.976,     328.772,    326.960,
   30,       73.3,    181.240,     333.535,    331.920,
   31,       75.8,    180.918,     338.828,    336.683,
   32,       78.3,    180.823,     342.324,    341.254,
   33,       80.8,    180.830,     346.458,    345.636,
   34,       83.3,    180.998,     350.832,    349.832,
   35,       85.8,    181.094,     354.513,    353.846,
   36,       88.3,    181.116,     357.782,    357.678,
   37,       90.8,    181.028,     360.994,    361.332,
   38,       93.3,    181.218,     363.926,    364.815,
   39,       95.8,    181.182,     367.035,    368.128,
   40,       98.3,    181.057,     372.258,    371.276,
   41,      100.8,    181.167,     373.965,    374.266,
   42,      103.3,    181.108,     377.122,    377.102,
   43,      105.8,    180.991,     379.300,    379.789,
   44,      108.3,    180.962,     381.572,    382.334,
   45,      110.8,    181.086,     383.795,    384.741,
   46,      113.3,    181.218,     386.827,    387.017,
   47,      115.8,    181.138,     389.207,    389.166,
   48,      118.3,    181.094,     389.577,    391.196,
   49,      120.8,    181.233,     391.485,    393.110,
   50,      123.3,    181.152,     393.592,    394.914,
   51,      125.8,    181.182,     395.736,    396.614,
   52,      128.3,    181.145,     397.472,    398.215,
   53,      130.8,    181.160,     399.096,    399.721,
   54,      133.3,    181.196,     400.671,    401.137,
   55,      135.8,    181.211,     402.570,    402.469,
   56,      138.3,    181.240,     402.780,    403.720,
   57,      140.8,    181.262,     404.663,    404.895,
   58,      143.3,    181.277,     405.457,    405.999,
   59,      145.8,    181.255,     404.955,    407.034,
   60,      148.3,    181.291,     408.734,    408.005,
   61,      150.8,    181.145,     409.065,    408.917,
   62,      153.3,    181.233,     410.522,    409.772,
   63,      155.8,    181.152,     410.152,    410.573,
   64,      158.3,    181.343,     411.927,    411.323,
   65,      160.8,    181.182,     412.846,    412.026,
   66,      163.3,    181.174,     414.242,    412.685,
   67,      165.8,    181.145,     414.861,    413.302,
   68,      168.3,    181.189,     415.312,    413.879,
   69,      170.8,    181.189,     415.312,    414.420,
   70,      175.8,    180.002,     416.939,    416.636,
