Source DataFile                                        ,    DATE   ,   TIME  ,    Time__mSec   , RFID_User_Data      , Barcode_Data        ,     PIF ,        Lon,         Lat, GPS_stat,    LEDSel,   Light_1,   Light_2,   Light_3,   Light_4,   Light_5,   Light_6, Dur-Wat,      ChiSq,  QARredMax,       Sig,        Fo,        Fm,     Fv/Fm,         p,    Tau1QA,    Alp1QA,
-------------------------------------------------------,-----------,---------,-----------------,---------------------,---------------------,---------,-----------,------------,---------,----------,----------,----------,----------,----------,----------,----------,--------,-----------,-----------,----------,----------,----------,----------,----------,----------,----------,
C:\LIFT\Ottawa_2025\20251121_MaPo2019_16C_RLC_data.csv , 2025/11/21, 12:09:56,    1763741395818,--Not Acquired--     ,--Not Acquired--     ,     0.00,     0.0000,      0.0000,  NO DATA,    '10000,      0.00,      0.00,      0.00,      0.00,      0.00,      0.00,   111  ,    10.3905,     0.9672,    221.84,    280.13,    556.29,    0.4964,    0.2680,     19695,    1.0000,
C:\LIFT\Ottawa_2025\20251121_MaPo2019_16C_RLC_data.csv , 2025/11/21, 12:10:06,    1763741406316,--Not Acquired--     ,--Not Acquired--     ,     0.00,     0.0000,      0.0000,  NO DATA,    '10000,     20.00,      0.00,      0.00,      0.00,      0.00,      0.00,   111  ,     1.8097,     0.8686,    159.26,    393.19,    602.36,    0.3473,    0.0110, 1.000e+07,    1.0000,
C:\LIFT\Ottawa_2025\20251121_MaPo2019_16C_RLC_data.csv , 2025/11/21, 12:10:08,    1763741407863,--Not Acquired--     ,--Not Acquired--     ,     0.00,     0.0000,      0.0000,  NO DATA,    '10000,      0.00,      0.00,      0.00,      0.00,      0.00,      0.00,   111  ,     4.9246,     0.9404,    212.48,    307.22,    544.10,    0.4354,    0.2270,      2341,    1.0000,
C:\LIFT\Ottawa_2025\20251121_MaPo2019_16C_RLC_data.csv , 2025/11/21, 12:10:18,    1763741418358,--Not Acquired--     ,--Not Acquired--     ,     0.00,     0.0000,      0.0000,  NO DATA,    '10000,     30.00,      0.00,      0.00,      0.00,      0.00,      0.00,   112  ,     1.3580,     0.8636,    157.32,    415.20,    620.84,    0.3312,    0.0000, 1.000e+07,    1.0000,
C:\LIFT\Ottawa_2025\20251121_MaPo2019_16C_RLC_data.csv , 2025/11/21, 12:10:20,    1763741419917,--Not Acquired--     ,--Not Acquired--     ,     0.00,     0.0000,      0.0000,  NO DATA,    '10000,      0.00,      0.00,      0.00,      0.00,      0.00,      0.00,   111  ,     5.8416,     0.9608,    218.23,    312.11,    565.00,    0.4476,    0.2080, 1.000e+07,    1.0000,
C:\LIFT\Ottawa_2025\20251121_MaPo2019_16C_RLC_data.csv , 2025/11/21, 12:10:30,    1763741430491,--Not Acquired--     ,--Not Acquired--     ,     0.00,     0.0000,      0.0000,  NO DATA,    '10000,     50.00,      0.00,      0.00,      0.00,      0.00,      0.00,   121  ,     2.3439,     0.8692,    160.62,    455.90,    646.93,    0.2953,    0.0000, 1.000e+07,    1.0000,
C:\LIFT\Ottawa_2025\20251121_MaPo2019_16C_RLC_data.csv , 2025/11/21, 12:10:32,    1763741432077,--Not Acquired--     ,--Not Acquired--     ,     0.00,     0.0000,      0.0000,  NO DATA,    '10000,      0.00,      0.00,      0.00,      0.00,      0.00,      0.00,   111  ,     8.6279,     0.9565,    213.34,    318.07,    587.12,    0.4583,    0.1980, 1.000e+07,    1.0000,
C:\LIFT\Ottawa_2025\20251121_MaPo2019_16C_RLC_data.csv , 2025/11/21, 12:10:42,    1763741442643,--Not Acquired--     ,--Not Acquired--     ,     0.00,     0.0000,      0.0000,  NO DATA,    '10000,    100.00,      0.00,      0.00,      0.00,      0.00,      0.00,   110  ,     4.3834,     0.8364,    156.96,    549.96,    702.31,    0.2169,    0.0000,      1947,    1.0000,
C:\LIFT\Ottawa_2025\20251121_MaPo2019_16C_RLC_data.csv , 2025/11/21, 12:10:44,    1763741444105,--Not Acquired--     ,--Not Acquired--     ,     0.00,     0.0000,      0.0000,  NO DATA,    '10000,      0.00,      0.00,      0.00,      0.00,      0.00,      0.00,   111  ,     6.7536,     0.9563,    212.07,    319.30,    595.69,    0.4640,    0.2040, 1.000e+07,    1.0000,
C:\LIFT\Ottawa_2025\20251121_MaPo2019_16C_RLC_data.csv , 2025/11/21, 12:10:54,    1763741454687,--Not Acquired--     ,--Not Acquired--     ,     0.00,     0.0000,      0.0000,  NO DATA,    '10000,    120.00,      0.00,      0.00,      0.00,      0.00,      0.00,   111  ,     4.9199,     0.7956,    152.73,    561.24,    715.16,    0.2152,    0.0000,       838,    1.0000,
C:\LIFT\Ottawa_2025\20251121_MaPo2019_16C_RLC_data.csv , 2025/11/21, 12:10:56,    1763741456180,--Not Acquired--     ,--Not Acquired--     ,     0.00,     0.0000,      0.0000,  NO DATA,    '10000,      0.00,      0.00,      0.00,      0.00,      0.00,      0.00,   112  ,     5.4366,     0.9579,    211.51,    320.98,    605.61,    0.4700,    0.2200, 1.000e+07,    1.0000,
C:\LIFT\Ottawa_2025\20251121_MaPo2019_16C_RLC_data.csv , 2025/11/21, 12:11:06,    1763741466728,--Not Acquired--     ,--Not Acquired--     ,     0.00,     0.0000,      0.0000,  NO DATA,    '10000,    150.00,      0.00,      0.00,      0.00,      0.00,      0.00,   110  ,     3.4211,     0.8059,    152.25,    594.46,    743.57,    0.2005,    0.0000,      1042,    1.0000,
C:\LIFT\Ottawa_2025\20251121_MaPo2019_16C_RLC_data.csv , 2025/11/21, 12:11:08,    1763741468218,--Not Acquired--     ,--Not Acquired--     ,     0.00,     0.0000,      0.0000,  NO DATA,    '10000,      0.00,      0.00,      0.00,      0.00,      0.00,      0.00,   111  ,     6.6217,     0.9612,    215.75,    323.52,    619.49,    0.4778,    0.2250, 1.000e+07,    1.0000,
C:\LIFT\Ottawa_2025\20251121_MaPo2019_16C_RLC_data.csv , 2025/11/21, 12:11:18,    1763741478775,--Not Acquired--     ,--Not Acquired--     ,     0.00,     0.0000,      0.0000,  NO DATA,    '10000,    200.00,      0.00,      0.00,      0.00,      0.00,      0.00,   110  ,     1.3861,     0.8284,    164.55,    646.13,    770.54,    0.1615,    0.0000,      1070,    1.0000,
C:\LIFT\Ottawa_2025\20251121_MaPo2019_16C_RLC_data.csv , 2025/11/21, 12:11:20,    1763741480255,--Not Acquired--     ,--Not Acquired--     ,     0.00,     0.0000,      0.0000,  NO DATA,    '10000,      0.00,      0.00,      0.00,      0.00,      0.00,      0.00,   111  ,     8.4514,     0.9566,    213.20,    323.94,    630.48,    0.4862,    0.2000, 1.000e+07,    1.0000,
C:\LIFT\Ottawa_2025\20251121_MaPo2019_16C_RLC_data.csv , 2025/11/21, 12:11:31,    1763741490830,--Not Acquired--     ,--Not Acquired--     ,     0.00,     0.0000,      0.0000,  NO DATA,    '10000,    300.00,      0.00,      0.00,      0.00,      0.00,      0.00,   120  ,     2.2093,     0.7677,    156.37,    702.89,    809.00,    0.1312,    0.0000,       509,    1.0000,
C:\LIFT\Ottawa_2025\20251121_MaPo2019_16C_RLC_data.csv , 2025/11/21, 12:11:32,    1763741492294,--Not Acquired--     ,--Not Acquired--     ,     0.00,     0.0000,      0.0000,  NO DATA,    '10000,      0.00,      0.00,      0.00,      0.00,      0.00,      0.00,   111  ,     8.6336,     0.9613,    216.79,    324.96,    638.64,    0.4912,    0.2200, 1.000e+07,    1.0000,
C:\LIFT\Ottawa_2025\20251121_MaPo2019_16C_RLC_data.csv , 2025/11/21, 12:11:43,    1763741502875,--Not Acquired--     ,--Not Acquired--     ,     0.00,     0.0000,      0.0000,  NO DATA,    '10000,    400.00,      0.00,      0.00,      0.00,      0.00,      0.00,   110  ,    10.2636,     0.7759,    160.67,    735.96,    842.60,    0.1266,    0.0000,       512,    1.0000,
C:\LIFT\Ottawa_2025\20251121_MaPo2019_16C_RLC_data.csv , 2025/11/21, 12:11:44,    1763741504327,--Not Acquired--     ,--Not Acquired--     ,     0.00,     0.0000,      0.0000,  NO DATA,    '10000,      0.00,      0.00,      0.00,      0.00,      0.00,      0.00,   111  ,     5.2191,     0.9568,    214.55,    323.95,    641.93,    0.4953,    0.2260,     12110,    1.0000,
